
USE [PayrollDB];
SET IDENTITY_INSERT [dbo].[Branches] ON
INSERT INTO [dbo].[Branches] ([BranchId], [Name], [Address], [PhoneNumber], [CurrentPayrollJobId]) VALUES (1, N'MAIN BRANCH', N'Town', N'440 1755', NULL)
INSERT INTO [dbo].[Branches] ([BranchId], [Name], [Address], [PhoneNumber], [CurrentPayrollJobId]) VALUES (2, N'GOUYAVE BRANCH', N'Gouyave', N'437 1129', NULL)
INSERT INTO [dbo].[Branches] ([BranchId], [Name], [Address], [PhoneNumber], [CurrentPayrollJobId]) VALUES (3, N'CARRIACOU BRANCH', N'CARRIACOU', N'443 6699', NULL)
INSERT INTO [dbo].[Branches] ([BranchId], [Name], [Address], [PhoneNumber], [CurrentPayrollJobId]) VALUES (4, N'PERDMONTEMPS BRANCH ', N'PERDMONTEMPS', N'440 4264', NULL)
SET IDENTITY_INSERT [dbo].[Branches] OFF

SET IDENTITY_INSERT [dbo].[EmailTemplate] ON
INSERT INTO [dbo].[EmailTemplate] ([EmailTemplateId], [FromEmailAddress], [EmailBody], [ToEmailAddress], [Key], [Subject]) VALUES (1, N'joseph@insight-analytics.biz', N'this is a test {0}', N'alphaquest_2005@hotmail.com', N'EmployeePayStub', N'Test Email')
SET IDENTITY_INSERT [dbo].[EmailTemplate] OFF


SET IDENTITY_INSERT [dbo].[ChargeTypes] ON
INSERT INTO [dbo].[ChargeTypes] ([ChargeTypeId], [ChargeTypeName]) VALUES (1, N'Rate')
INSERT INTO [dbo].[ChargeTypes] ([ChargeTypeId], [ChargeTypeName]) VALUES (2, N'Amount')
SET IDENTITY_INSERT [dbo].[ChargeTypes] OFF

SET IDENTITY_INSERT [dbo].[PayrollJobTypes] ON
INSERT INTO [dbo].[PayrollJobTypes] ([PayrollJobTypeId], [Name]) VALUES (1, N'Month')
INSERT INTO [dbo].[PayrollJobTypes] ([PayrollJobTypeId], [Name]) VALUES (2, N'Mid Month')
SET IDENTITY_INSERT [dbo].[PayrollJobTypes] OFF

SET IDENTITY_INSERT [dbo].[AccountTypes] ON
INSERT INTO [dbo].[AccountTypes] ([AccountTypeId], [AccountTypeName]) VALUES (1, N'Bank Account')
INSERT INTO [dbo].[AccountTypes] ([AccountTypeId], [AccountTypeName]) VALUES (3, N'Salary Account')
SET IDENTITY_INSERT [dbo].[AccountTypes] OFF

SET IDENTITY_INSERT [dbo].[Institutions] ON
INSERT INTO [dbo].[Institutions] ([InstitutionId], [Name], [ShortName]) VALUES (1, N'Bank of Nova Scotia ', N'Scotia')
INSERT INTO [dbo].[Institutions] ([InstitutionId], [Name], [ShortName]) VALUES (2, N'CIBC First Caribbean International Bank ', N'CIBC')
INSERT INTO [dbo].[Institutions] ([InstitutionId], [Name], [ShortName]) VALUES (3, N'Clico Insurance', N'Clico')
INSERT INTO [dbo].[Institutions] ([InstitutionId], [Name], [ShortName]) VALUES (4, N'Communal', N'Communal')
INSERT INTO [dbo].[Institutions] ([InstitutionId], [Name], [ShortName]) VALUES (5, N'Demerara Mutual Life ', N'Demerara ')
INSERT INTO [dbo].[Institutions] ([InstitutionId], [Name], [ShortName]) VALUES (6, N'Fast Cash', N'FastCash')
INSERT INTO [dbo].[Institutions] ([InstitutionId], [Name], [ShortName]) VALUES (7, N'Government of Grenada', N'GOG')
INSERT INTO [dbo].[Institutions] ([InstitutionId], [Name], [ShortName]) VALUES (8, N'GPSCCU', N'GPSCCU')
INSERT INTO [dbo].[Institutions] ([InstitutionId], [Name], [ShortName]) VALUES (9, N'Grenada Co-op Bank', N'GCB')
INSERT INTO [dbo].[Institutions] ([InstitutionId], [Name], [ShortName]) VALUES (10, N'GUT Co-op Credit Union', N'GUT')
INSERT INTO [dbo].[Institutions] ([InstitutionId], [Name], [ShortName]) VALUES (11, N'National Insurance Scheme ', N'NIS')
INSERT INTO [dbo].[Institutions] ([InstitutionId], [Name], [ShortName]) VALUES (12, N'Newim Insurance ', N'Newim')
INSERT INTO [dbo].[Institutions] ([InstitutionId], [Name], [ShortName]) VALUES (13, N'RBTT', N'RBTT')
INSERT INTO [dbo].[Institutions] ([InstitutionId], [Name], [ShortName]) VALUES (14, N'Republic Bank Ltd ', N'RBL')
INSERT INTO [dbo].[Institutions] ([InstitutionId], [Name], [ShortName]) VALUES (15, N'Sagicor ', N'Sagicor ')
INSERT INTO [dbo].[Institutions] ([InstitutionId], [Name], [ShortName]) VALUES (16, N'MASA', N'MASA')
INSERT INTO [dbo].[Institutions] ([InstitutionId], [Name], [ShortName]) VALUES (17, N'TAWU', N'TAWU')
SET IDENTITY_INSERT [dbo].[Institutions] OFF

SET IDENTITY_INSERT [dbo].[Employees] ON
INSERT INTO [dbo].[Employees] ([EmployeeId], [FirstName], [LastName], [MiddleName], [Title], [BranchId], [SupervisorId], [EmploymentStartDate], [UnionMember]) VALUES (63, N'Verdesa', N'Morain', NULL, NULL, 2, NULL, N'2013-04-01 00:00:00', 1)
INSERT INTO [dbo].[Employees] ([EmployeeId], [FirstName], [LastName], [MiddleName], [Title], [BranchId], [SupervisorId], [EmploymentStartDate], [UnionMember]) VALUES (64, N'Jeanette', N'Ratoo', NULL, NULL, 2, NULL, N'2013-04-01 00:00:00', 1)
INSERT INTO [dbo].[Employees] ([EmployeeId], [FirstName], [LastName], [MiddleName], [Title], [BranchId], [SupervisorId], [EmploymentStartDate], [UnionMember]) VALUES (65, N'Cassandra', N'Cox-Peters', NULL, NULL, 3, NULL, N'2013-04-01 00:00:00', 1)
INSERT INTO [dbo].[Employees] ([EmployeeId], [FirstName], [LastName], [MiddleName], [Title], [BranchId], [SupervisorId], [EmploymentStartDate], [UnionMember]) VALUES (66, N'Treicia', N'Mitchell-Frank', NULL, NULL, 3, NULL, N'2013-04-01 00:00:00', 1)
INSERT INTO [dbo].[Employees] ([EmployeeId], [FirstName], [LastName], [MiddleName], [Title], [BranchId], [SupervisorId], [EmploymentStartDate], [UnionMember]) VALUES (67, N'Margaret', N'Simeon', NULL, NULL, 4, NULL, N'2013-04-01 00:00:00', 1)
INSERT INTO [dbo].[Employees] ([EmployeeId], [FirstName], [LastName], [MiddleName], [Title], [BranchId], [SupervisorId], [EmploymentStartDate], [UnionMember]) VALUES (68, N'Denise', N'Ghita', NULL, NULL, 4, NULL, N'2013-04-01 00:00:00', 1)
INSERT INTO [dbo].[Employees] ([EmployeeId], [FirstName], [LastName], [MiddleName], [Title], [BranchId], [SupervisorId], [EmploymentStartDate], [UnionMember]) VALUES (69, N'Lennox', N'Andrews', NULL, NULL, 1, NULL, N'2013-04-01 00:00:00', 1)
INSERT INTO [dbo].[Employees] ([EmployeeId], [FirstName], [LastName], [MiddleName], [Title], [BranchId], [SupervisorId], [EmploymentStartDate], [UnionMember]) VALUES (70, N'John', N'Marryshow', NULL, NULL, 1, NULL, N'2013-04-01 00:00:00', 1)
INSERT INTO [dbo].[Employees] ([EmployeeId], [FirstName], [LastName], [MiddleName], [Title], [BranchId], [SupervisorId], [EmploymentStartDate], [UnionMember]) VALUES (71, N'Shurla', N'Harris-Fields', NULL, NULL, 1, NULL, N'2013-04-01 00:00:00', 1)
INSERT INTO [dbo].[Employees] ([EmployeeId], [FirstName], [LastName], [MiddleName], [Title], [BranchId], [SupervisorId], [EmploymentStartDate], [UnionMember]) VALUES (72, N'Anne Marie', N'Montrose', NULL, NULL, 1, NULL, N'2013-04-01 00:00:00', 1)
INSERT INTO [dbo].[Employees] ([EmployeeId], [FirstName], [LastName], [MiddleName], [Title], [BranchId], [SupervisorId], [EmploymentStartDate], [UnionMember]) VALUES (73, N'Mellisa', N'Telesford', NULL, NULL, 1, NULL, N'2013-04-01 00:00:00', 1)
INSERT INTO [dbo].[Employees] ([EmployeeId], [FirstName], [LastName], [MiddleName], [Title], [BranchId], [SupervisorId], [EmploymentStartDate], [UnionMember]) VALUES (74, N'Alonzo', N'Pope', NULL, NULL, 1, NULL, N'2013-04-01 00:00:00', 1)
INSERT INTO [dbo].[Employees] ([EmployeeId], [FirstName], [LastName], [MiddleName], [Title], [BranchId], [SupervisorId], [EmploymentStartDate], [UnionMember]) VALUES (75, N'Celia', N'Samuel', NULL, NULL, 1, NULL, N'2013-04-01 00:00:00', 1)
INSERT INTO [dbo].[Employees] ([EmployeeId], [FirstName], [LastName], [MiddleName], [Title], [BranchId], [SupervisorId], [EmploymentStartDate], [UnionMember]) VALUES (76, N'Fiona', N'Alexander', NULL, NULL, 1, NULL, N'2013-04-01 00:00:00', 1)
INSERT INTO [dbo].[Employees] ([EmployeeId], [FirstName], [LastName], [MiddleName], [Title], [BranchId], [SupervisorId], [EmploymentStartDate], [UnionMember]) VALUES (77, N'Kellon', N'Passee', NULL, NULL, 1, NULL, N'2013-04-01 00:00:00', 1)
INSERT INTO [dbo].[Employees] ([EmployeeId], [FirstName], [LastName], [MiddleName], [Title], [BranchId], [SupervisorId], [EmploymentStartDate], [UnionMember]) VALUES (78, N'Daniele', N'Peters', NULL, NULL, 1, NULL, N'2013-04-01 00:00:00', 1)
INSERT INTO [dbo].[Employees] ([EmployeeId], [FirstName], [LastName], [MiddleName], [Title], [BranchId], [SupervisorId], [EmploymentStartDate], [UnionMember]) VALUES (79, N'Rondel', N'James', NULL, NULL, 1, NULL, N'2013-04-01 00:00:00', 1)
INSERT INTO [dbo].[Employees] ([EmployeeId], [FirstName], [LastName], [MiddleName], [Title], [BranchId], [SupervisorId], [EmploymentStartDate], [UnionMember]) VALUES (80, N'Koss', N'St. Bernard', NULL, NULL, 1, NULL, N'2013-04-01 00:00:00', 1)
INSERT INTO [dbo].[Employees] ([EmployeeId], [FirstName], [LastName], [MiddleName], [Title], [BranchId], [SupervisorId], [EmploymentStartDate], [UnionMember]) VALUES (81, N'Ayana', N'Russell', NULL, NULL, 1, NULL, N'2013-04-01 00:00:00', 1)
INSERT INTO [dbo].[Employees] ([EmployeeId], [FirstName], [LastName], [MiddleName], [Title], [BranchId], [SupervisorId], [EmploymentStartDate], [UnionMember]) VALUES (82, N'Karena', N'Tyson', NULL, NULL, 1, NULL, N'2013-04-01 00:00:00', 1)
INSERT INTO [dbo].[Employees] ([EmployeeId], [FirstName], [LastName], [MiddleName], [Title], [BranchId], [SupervisorId], [EmploymentStartDate], [UnionMember]) VALUES (83, N'Antonia', N'Baptiste', NULL, NULL, 1, NULL, N'2013-04-01 00:00:00', 1)
INSERT INTO [dbo].[Employees] ([EmployeeId], [FirstName], [LastName], [MiddleName], [Title], [BranchId], [SupervisorId], [EmploymentStartDate], [UnionMember]) VALUES (84, N'Karel', N'Collier', NULL, NULL, 1, NULL, N'2013-04-01 00:00:00', 1)
INSERT INTO [dbo].[Employees] ([EmployeeId], [FirstName], [LastName], [MiddleName], [Title], [BranchId], [SupervisorId], [EmploymentStartDate], [UnionMember]) VALUES (85, N'Morland', N'Humphrey', NULL, NULL, 1, NULL, N'2013-04-01 00:00:00', 1)
INSERT INTO [dbo].[Employees] ([EmployeeId], [FirstName], [LastName], [MiddleName], [Title], [BranchId], [SupervisorId], [EmploymentStartDate], [UnionMember]) VALUES (86, N'Stonna', N'Barry', NULL, NULL, 1, NULL, N'2013-04-01 00:00:00', 1)
INSERT INTO [dbo].[Employees] ([EmployeeId], [FirstName], [LastName], [MiddleName], [Title], [BranchId], [SupervisorId], [EmploymentStartDate], [UnionMember]) VALUES (87, N'Shirley', N'Stephen', NULL, NULL, 1, NULL, N'2013-04-01 00:00:00', 1)
INSERT INTO [dbo].[Employees] ([EmployeeId], [FirstName], [LastName], [MiddleName], [Title], [BranchId], [SupervisorId], [EmploymentStartDate], [UnionMember]) VALUES (88, N'Lance', N'Smith', NULL, NULL, 1, NULL, N'2013-04-01 00:00:00', 1)
INSERT INTO [dbo].[Employees] ([EmployeeId], [FirstName], [LastName], [MiddleName], [Title], [BranchId], [SupervisorId], [EmploymentStartDate], [UnionMember]) VALUES (89, N'Elvis', N'Frederick', NULL, NULL, 1, NULL, N'2013-04-01 00:00:00', 1)
INSERT INTO [dbo].[Employees] ([EmployeeId], [FirstName], [LastName], [MiddleName], [Title], [BranchId], [SupervisorId], [EmploymentStartDate], [UnionMember]) VALUES (90, N'Lorna', N'Cyrus', NULL, NULL, 1, NULL, N'2013-04-01 00:00:00', 1)
INSERT INTO [dbo].[Employees] ([EmployeeId], [FirstName], [LastName], [MiddleName], [Title], [BranchId], [SupervisorId], [EmploymentStartDate], [UnionMember]) VALUES (91, N'Carol', N'Amada', NULL, NULL, 1, NULL, N'2013-04-01 00:00:00', 1)
INSERT INTO [dbo].[Employees] ([EmployeeId], [FirstName], [LastName], [MiddleName], [Title], [BranchId], [SupervisorId], [EmploymentStartDate], [UnionMember]) VALUES (92, N'Betty', N'Charles', NULL, NULL, 1, NULL, N'2013-04-01 00:00:00', 1)
INSERT INTO [dbo].[Employees] ([EmployeeId], [FirstName], [LastName], [MiddleName], [Title], [BranchId], [SupervisorId], [EmploymentStartDate], [UnionMember]) VALUES (93, N'Glennesha', N'Williams', NULL, NULL, 1, NULL, N'2013-04-01 00:00:00', 1)
INSERT INTO [dbo].[Employees] ([EmployeeId], [FirstName], [LastName], [MiddleName], [Title], [BranchId], [SupervisorId], [EmploymentStartDate], [UnionMember]) VALUES (94, N'Ronda', N'Charles', NULL, NULL, 1, NULL, N'2013-04-01 00:00:00', 1)
INSERT INTO [dbo].[Employees] ([EmployeeId], [FirstName], [LastName], [MiddleName], [Title], [BranchId], [SupervisorId], [EmploymentStartDate], [UnionMember]) VALUES (95, N'Katrina', N'Belfon', NULL, NULL, 1, NULL, N'2013-04-01 00:00:00', 1)
INSERT INTO [dbo].[Employees] ([EmployeeId], [FirstName], [LastName], [MiddleName], [Title], [BranchId], [SupervisorId], [EmploymentStartDate], [UnionMember]) VALUES (96, N'Lyndon', N'Clyne', NULL, NULL, 1, NULL, N'2013-04-01 00:00:00', 1)
SET IDENTITY_INSERT [dbo].[Employees] OFF

INSERT INTO [dbo].[Employees_User] ([Username], [Password], [EmployeeId]) VALUES (N'alpha', N'test', 71)

SET IDENTITY_INSERT [dbo].[Accounts] ON
INSERT INTO [dbo].[Accounts] ([AccountId], [AccountNumber], [InstitutionId], [AccountName], [AccountType]) VALUES (79, N'74', 1, N'Alonzo Scotia Salary Account', N'Salary Account')
INSERT INTO [dbo].[Accounts] ([AccountId], [AccountNumber], [InstitutionId], [AccountName], [AccountType]) VALUES (80, N'74', 4, N'Alonzo Communal Salary Account', N'Salary Account')
INSERT INTO [dbo].[Accounts] ([AccountId], [AccountNumber], [InstitutionId], [AccountName], [AccountType]) VALUES (81, N'74', 13, N'Alonzo RBTT Salary Account', N'Salary Account')
INSERT INTO [dbo].[Accounts] ([AccountId], [AccountNumber], [InstitutionId], [AccountName], [AccountType]) VALUES (82, N'74', 14, N'Alonzo RBL Salary Account', N'Salary Account')
INSERT INTO [dbo].[Accounts] ([AccountId], [AccountNumber], [InstitutionId], [AccountName], [AccountType]) VALUES (83, N'72', 4, N'Anne Marie Communal Salary Account', N'Salary Account')
INSERT INTO [dbo].[Accounts] ([AccountId], [AccountNumber], [InstitutionId], [AccountName], [AccountType]) VALUES (84, N'72', 9, N'Anne Marie GCB Salary Account', N'Salary Account')
INSERT INTO [dbo].[Accounts] ([AccountId], [AccountNumber], [InstitutionId], [AccountName], [AccountType]) VALUES (85, N'72', 11, N'Anne Marie NIS Salary Account', N'Salary Account')
INSERT INTO [dbo].[Accounts] ([AccountId], [AccountNumber], [InstitutionId], [AccountName], [AccountType]) VALUES (86, N'72', 13, N'Anne Marie RBTT Salary Account', N'Salary Account')
INSERT INTO [dbo].[Accounts] ([AccountId], [AccountNumber], [InstitutionId], [AccountName], [AccountType]) VALUES (87, N'83', 4, N'Antonia Communal Salary Account', N'Salary Account')
INSERT INTO [dbo].[Accounts] ([AccountId], [AccountNumber], [InstitutionId], [AccountName], [AccountType]) VALUES (88, N'83', 6, N'Antonia FastCash Salary Account', N'Salary Account')
INSERT INTO [dbo].[Accounts] ([AccountId], [AccountNumber], [InstitutionId], [AccountName], [AccountType]) VALUES (89, N'81', 1, N'Ayana Scotia Salary Account', N'Salary Account')
INSERT INTO [dbo].[Accounts] ([AccountId], [AccountNumber], [InstitutionId], [AccountName], [AccountType]) VALUES (90, N'81', 4, N'Ayana Communal Salary Account', N'Salary Account')
INSERT INTO [dbo].[Accounts] ([AccountId], [AccountNumber], [InstitutionId], [AccountName], [AccountType]) VALUES (91, N'81', 9, N'Ayana GCB Salary Account', N'Salary Account')
INSERT INTO [dbo].[Accounts] ([AccountId], [AccountNumber], [InstitutionId], [AccountName], [AccountType]) VALUES (92, N'92', 9, N'Betty GCB Salary Account', N'Salary Account')
INSERT INTO [dbo].[Accounts] ([AccountId], [AccountNumber], [InstitutionId], [AccountName], [AccountType]) VALUES (93, N'91', 4, N'Carol Communal Salary Account', N'Salary Account')
INSERT INTO [dbo].[Accounts] ([AccountId], [AccountNumber], [InstitutionId], [AccountName], [AccountType]) VALUES (94, N'91', 5, N'Carol Demerara  Salary Account', N'Salary Account')
INSERT INTO [dbo].[Accounts] ([AccountId], [AccountNumber], [InstitutionId], [AccountName], [AccountType]) VALUES (95, N'65', 4, N'Cassandra Communal Salary Account', N'Salary Account')
INSERT INTO [dbo].[Accounts] ([AccountId], [AccountNumber], [InstitutionId], [AccountName], [AccountType]) VALUES (96, N'65', 14, N'Cassandra RBL Salary Account', N'Salary Account')
INSERT INTO [dbo].[Accounts] ([AccountId], [AccountNumber], [InstitutionId], [AccountName], [AccountType]) VALUES (97, N'75', 4, N'Celia Communal Salary Account', N'Salary Account')
INSERT INTO [dbo].[Accounts] ([AccountId], [AccountNumber], [InstitutionId], [AccountName], [AccountType]) VALUES (98, N'75', 9, N'Celia GCB Salary Account', N'Salary Account')
INSERT INTO [dbo].[Accounts] ([AccountId], [AccountNumber], [InstitutionId], [AccountName], [AccountType]) VALUES (99, N'75', 11, N'Celia NIS Salary Account', N'Salary Account')
INSERT INTO [dbo].[Accounts] ([AccountId], [AccountNumber], [InstitutionId], [AccountName], [AccountType]) VALUES (100, N'78', 3, N'Daniele Clico Salary Account', N'Salary Account')
INSERT INTO [dbo].[Accounts] ([AccountId], [AccountNumber], [InstitutionId], [AccountName], [AccountType]) VALUES (101, N'78', 4, N'Daniele Communal Salary Account', N'Salary Account')
INSERT INTO [dbo].[Accounts] ([AccountId], [AccountNumber], [InstitutionId], [AccountName], [AccountType]) VALUES (102, N'78', 9, N'Daniele GCB Salary Account', N'Salary Account')
INSERT INTO [dbo].[Accounts] ([AccountId], [AccountNumber], [InstitutionId], [AccountName], [AccountType]) VALUES (103, N'78', 15, N'Daniele Sagicor  Salary Account', N'Salary Account')
INSERT INTO [dbo].[Accounts] ([AccountId], [AccountNumber], [InstitutionId], [AccountName], [AccountType]) VALUES (104, N'68', 9, N'Denise GCB Salary Account', N'Salary Account')
INSERT INTO [dbo].[Accounts] ([AccountId], [AccountNumber], [InstitutionId], [AccountName], [AccountType]) VALUES (105, N'89', 3, N'Elvis Clico Salary Account', N'Salary Account')
INSERT INTO [dbo].[Accounts] ([AccountId], [AccountNumber], [InstitutionId], [AccountName], [AccountType]) VALUES (106, N'89', 4, N'Elvis Communal Salary Account', N'Salary Account')
INSERT INTO [dbo].[Accounts] ([AccountId], [AccountNumber], [InstitutionId], [AccountName], [AccountType]) VALUES (107, N'89', 12, N'Elvis Newim Salary Account', N'Salary Account')
INSERT INTO [dbo].[Accounts] ([AccountId], [AccountNumber], [InstitutionId], [AccountName], [AccountType]) VALUES (108, N'89', 13, N'Elvis RBTT Salary Account', N'Salary Account')
INSERT INTO [dbo].[Accounts] ([AccountId], [AccountNumber], [InstitutionId], [AccountName], [AccountType]) VALUES (109, N'76', 1, N'Fiona Scotia Salary Account', N'Salary Account')
INSERT INTO [dbo].[Accounts] ([AccountId], [AccountNumber], [InstitutionId], [AccountName], [AccountType]) VALUES (110, N'76', 14, N'Fiona RBL Salary Account', N'Salary Account')
INSERT INTO [dbo].[Accounts] ([AccountId], [AccountNumber], [InstitutionId], [AccountName], [AccountType]) VALUES (111, N'76', 15, N'Fiona Sagicor  Salary Account', N'Salary Account')
INSERT INTO [dbo].[Accounts] ([AccountId], [AccountNumber], [InstitutionId], [AccountName], [AccountType]) VALUES (112, N'93', 4, N'Glennesha Communal Salary Account', N'Salary Account')
INSERT INTO [dbo].[Accounts] ([AccountId], [AccountNumber], [InstitutionId], [AccountName], [AccountType]) VALUES (113, N'64', 4, N'Jeanette Communal Salary Account', N'Salary Account')
INSERT INTO [dbo].[Accounts] ([AccountId], [AccountNumber], [InstitutionId], [AccountName], [AccountType]) VALUES (114, N'64', 9, N'Jeanette GCB Salary Account', N'Salary Account')
INSERT INTO [dbo].[Accounts] ([AccountId], [AccountNumber], [InstitutionId], [AccountName], [AccountType]) VALUES (115, N'70', 2, N'John CIBC Salary Account', N'Salary Account')
INSERT INTO [dbo].[Accounts] ([AccountId], [AccountNumber], [InstitutionId], [AccountName], [AccountType]) VALUES (116, N'70', 4, N'John Communal Salary Account', N'Salary Account')
INSERT INTO [dbo].[Accounts] ([AccountId], [AccountNumber], [InstitutionId], [AccountName], [AccountType]) VALUES (117, N'84', 4, N'Karel Communal Salary Account', N'Salary Account')
INSERT INTO [dbo].[Accounts] ([AccountId], [AccountNumber], [InstitutionId], [AccountName], [AccountType]) VALUES (118, N'84', 9, N'Karel GCB Salary Account', N'Salary Account')
INSERT INTO [dbo].[Accounts] ([AccountId], [AccountNumber], [InstitutionId], [AccountName], [AccountType]) VALUES (119, N'82', 4, N'Karena Communal Salary Account', N'Salary Account')
INSERT INTO [dbo].[Accounts] ([AccountId], [AccountNumber], [InstitutionId], [AccountName], [AccountType]) VALUES (120, N'82', 14, N'Karena RBL Salary Account', N'Salary Account')
INSERT INTO [dbo].[Accounts] ([AccountId], [AccountNumber], [InstitutionId], [AccountName], [AccountType]) VALUES (121, N'95', 4, N'Katrina Communal Salary Account', N'Salary Account')
INSERT INTO [dbo].[Accounts] ([AccountId], [AccountNumber], [InstitutionId], [AccountName], [AccountType]) VALUES (122, N'77', 4, N'Kellon Communal Salary Account', N'Salary Account')
INSERT INTO [dbo].[Accounts] ([AccountId], [AccountNumber], [InstitutionId], [AccountName], [AccountType]) VALUES (123, N'77', 13, N'Kellon RBTT Salary Account', N'Salary Account')
INSERT INTO [dbo].[Accounts] ([AccountId], [AccountNumber], [InstitutionId], [AccountName], [AccountType]) VALUES (124, N'80', 14, N'Koss RBL Salary Account', N'Salary Account')
INSERT INTO [dbo].[Accounts] ([AccountId], [AccountNumber], [InstitutionId], [AccountName], [AccountType]) VALUES (125, N'88', 1, N'Lance Scotia Salary Account', N'Salary Account')
INSERT INTO [dbo].[Accounts] ([AccountId], [AccountNumber], [InstitutionId], [AccountName], [AccountType]) VALUES (126, N'69', 1, N'Lennox Scotia Salary Account', N'Salary Account')
INSERT INTO [dbo].[Accounts] ([AccountId], [AccountNumber], [InstitutionId], [AccountName], [AccountType]) VALUES (127, N'69', 4, N'Lennox Communal Salary Account', N'Salary Account')
INSERT INTO [dbo].[Accounts] ([AccountId], [AccountNumber], [InstitutionId], [AccountName], [AccountType]) VALUES (128, N'69', 8, N'Lennox GPSCCU Salary Account', N'Salary Account')
INSERT INTO [dbo].[Accounts] ([AccountId], [AccountNumber], [InstitutionId], [AccountName], [AccountType]) VALUES (129, N'90', 2, N'Lorna CIBC Salary Account', N'Salary Account')
INSERT INTO [dbo].[Accounts] ([AccountId], [AccountNumber], [InstitutionId], [AccountName], [AccountType]) VALUES (130, N'90', 4, N'Lorna Communal Salary Account', N'Salary Account')
INSERT INTO [dbo].[Accounts] ([AccountId], [AccountNumber], [InstitutionId], [AccountName], [AccountType]) VALUES (131, N'96', 4, N'Lyndon Communal Salary Account', N'Salary Account')
INSERT INTO [dbo].[Accounts] ([AccountId], [AccountNumber], [InstitutionId], [AccountName], [AccountType]) VALUES (132, N'67', 14, N'Margaret RBL Salary Account', N'Salary Account')
INSERT INTO [dbo].[Accounts] ([AccountId], [AccountNumber], [InstitutionId], [AccountName], [AccountType]) VALUES (133, N'73', 4, N'Mellisa Communal Salary Account', N'Salary Account')
INSERT INTO [dbo].[Accounts] ([AccountId], [AccountNumber], [InstitutionId], [AccountName], [AccountType]) VALUES (134, N'73', 9, N'Mellisa GCB Salary Account', N'Salary Account')
INSERT INTO [dbo].[Accounts] ([AccountId], [AccountNumber], [InstitutionId], [AccountName], [AccountType]) VALUES (135, N'85', 4, N'Morland Communal Salary Account', N'Salary Account')
INSERT INTO [dbo].[Accounts] ([AccountId], [AccountNumber], [InstitutionId], [AccountName], [AccountType]) VALUES (136, N'85', 15, N'Morland Sagicor  Salary Account', N'Salary Account')
INSERT INTO [dbo].[Accounts] ([AccountId], [AccountNumber], [InstitutionId], [AccountName], [AccountType]) VALUES (137, N'94', 9, N'Ronda GCB Salary Account', N'Salary Account')
INSERT INTO [dbo].[Accounts] ([AccountId], [AccountNumber], [InstitutionId], [AccountName], [AccountType]) VALUES (138, N'79', 4, N'Rondel Communal Salary Account', N'Salary Account')
INSERT INTO [dbo].[Accounts] ([AccountId], [AccountNumber], [InstitutionId], [AccountName], [AccountType]) VALUES (139, N'79', 6, N'Rondel FastCash Salary Account', N'Salary Account')
INSERT INTO [dbo].[Accounts] ([AccountId], [AccountNumber], [InstitutionId], [AccountName], [AccountType]) VALUES (140, N'79', 10, N'Rondel GUT Salary Account', N'Salary Account')
INSERT INTO [dbo].[Accounts] ([AccountId], [AccountNumber], [InstitutionId], [AccountName], [AccountType]) VALUES (141, N'79', 15, N'Rondel Sagicor  Salary Account', N'Salary Account')
INSERT INTO [dbo].[Accounts] ([AccountId], [AccountNumber], [InstitutionId], [AccountName], [AccountType]) VALUES (142, N'87', 4, N'Shirley Communal Salary Account', N'Salary Account')
INSERT INTO [dbo].[Accounts] ([AccountId], [AccountNumber], [InstitutionId], [AccountName], [AccountType]) VALUES (143, N'87', 9, N'Shirley GCB Salary Account', N'Salary Account')
INSERT INTO [dbo].[Accounts] ([AccountId], [AccountNumber], [InstitutionId], [AccountName], [AccountType]) VALUES (144, N'87', 13, N'Shirley RBTT Salary Account', N'Salary Account')
INSERT INTO [dbo].[Accounts] ([AccountId], [AccountNumber], [InstitutionId], [AccountName], [AccountType]) VALUES (145, N'71', 1, N'Shurla Scotia Salary Account', N'Salary Account')
INSERT INTO [dbo].[Accounts] ([AccountId], [AccountNumber], [InstitutionId], [AccountName], [AccountType]) VALUES (146, N'71', 4, N'Shurla Communal Salary Account', N'Salary Account')
INSERT INTO [dbo].[Accounts] ([AccountId], [AccountNumber], [InstitutionId], [AccountName], [AccountType]) VALUES (147, N'71', 5, N'Shurla Demerara  Salary Account', N'Salary Account')
INSERT INTO [dbo].[Accounts] ([AccountId], [AccountNumber], [InstitutionId], [AccountName], [AccountType]) VALUES (148, N'71', 15, N'Shurla Sagicor  Salary Account', N'Salary Account')
INSERT INTO [dbo].[Accounts] ([AccountId], [AccountNumber], [InstitutionId], [AccountName], [AccountType]) VALUES (149, N'86', 4, N'Stonna Communal Salary Account', N'Salary Account')
INSERT INTO [dbo].[Accounts] ([AccountId], [AccountNumber], [InstitutionId], [AccountName], [AccountType]) VALUES (150, N'86', 9, N'Stonna GCB Salary Account', N'Salary Account')
INSERT INTO [dbo].[Accounts] ([AccountId], [AccountNumber], [InstitutionId], [AccountName], [AccountType]) VALUES (151, N'86', 13, N'Stonna RBTT Salary Account', N'Salary Account')
INSERT INTO [dbo].[Accounts] ([AccountId], [AccountNumber], [InstitutionId], [AccountName], [AccountType]) VALUES (152, N'66', 4, N'Treicia Communal Salary Account', N'Salary Account')
INSERT INTO [dbo].[Accounts] ([AccountId], [AccountNumber], [InstitutionId], [AccountName], [AccountType]) VALUES (153, N'66', 14, N'Treicia RBL Salary Account', N'Salary Account')
INSERT INTO [dbo].[Accounts] ([AccountId], [AccountNumber], [InstitutionId], [AccountName], [AccountType]) VALUES (154, N'63', 4, N'Verdesa Communal Salary Account', N'Salary Account')
INSERT INTO [dbo].[Accounts] ([AccountId], [AccountNumber], [InstitutionId], [AccountName], [AccountType]) VALUES (155, N'63', 14, N'Verdesa RBL Salary Account', N'Salary Account')
INSERT INTO [dbo].[Accounts] ([AccountId], [AccountNumber], [InstitutionId], [AccountName], [AccountType]) VALUES (171, N'1', 1, N'Scotia Bank Account', N'Bank Account')
INSERT INTO [dbo].[Accounts] ([AccountId], [AccountNumber], [InstitutionId], [AccountName], [AccountType]) VALUES (172, N'2', 2, N'CIBC Bank Account', N'Bank Account')
INSERT INTO [dbo].[Accounts] ([AccountId], [AccountNumber], [InstitutionId], [AccountName], [AccountType]) VALUES (173, N'3', 3, N'Clico Bank Account', N'Bank Account')
INSERT INTO [dbo].[Accounts] ([AccountId], [AccountNumber], [InstitutionId], [AccountName], [AccountType]) VALUES (174, N'4', 4, N'Communal Bank Account', N'Bank Account')
INSERT INTO [dbo].[Accounts] ([AccountId], [AccountNumber], [InstitutionId], [AccountName], [AccountType]) VALUES (175, N'5', 5, N'Demerara  Bank Account', N'Bank Account')
INSERT INTO [dbo].[Accounts] ([AccountId], [AccountNumber], [InstitutionId], [AccountName], [AccountType]) VALUES (176, N'6', 6, N'FastCash Bank Account', N'Bank Account')
INSERT INTO [dbo].[Accounts] ([AccountId], [AccountNumber], [InstitutionId], [AccountName], [AccountType]) VALUES (177, N'7', 7, N'GOG Bank Account', N'Bank Account')
INSERT INTO [dbo].[Accounts] ([AccountId], [AccountNumber], [InstitutionId], [AccountName], [AccountType]) VALUES (178, N'8', 8, N'GPSCCU Bank Account', N'Bank Account')
INSERT INTO [dbo].[Accounts] ([AccountId], [AccountNumber], [InstitutionId], [AccountName], [AccountType]) VALUES (179, N'9', 9, N'GCB Bank Account', N'Bank Account')
INSERT INTO [dbo].[Accounts] ([AccountId], [AccountNumber], [InstitutionId], [AccountName], [AccountType]) VALUES (180, N'10', 10, N'GUT Bank Account', N'Bank Account')
INSERT INTO [dbo].[Accounts] ([AccountId], [AccountNumber], [InstitutionId], [AccountName], [AccountType]) VALUES (181, N'11', 11, N'NIS Bank Account', N'Bank Account')
INSERT INTO [dbo].[Accounts] ([AccountId], [AccountNumber], [InstitutionId], [AccountName], [AccountType]) VALUES (182, N'12', 12, N'Newim Bank Account', N'Bank Account')
INSERT INTO [dbo].[Accounts] ([AccountId], [AccountNumber], [InstitutionId], [AccountName], [AccountType]) VALUES (183, N'13', 13, N'RBTT Bank Account', N'Bank Account')
INSERT INTO [dbo].[Accounts] ([AccountId], [AccountNumber], [InstitutionId], [AccountName], [AccountType]) VALUES (184, N'14', 14, N'RBL Bank Account', N'Bank Account')
INSERT INTO [dbo].[Accounts] ([AccountId], [AccountNumber], [InstitutionId], [AccountName], [AccountType]) VALUES (185, N'15', 15, N'Sagicor  Bank Account', N'Bank Account')
INSERT INTO [dbo].[Accounts] ([AccountId], [AccountNumber], [InstitutionId], [AccountName], [AccountType]) VALUES (188, N'Pension', 15, N'Pension Account', N'Bank Account')
INSERT INTO [dbo].[Accounts] ([AccountId], [AccountNumber], [InstitutionId], [AccountName], [AccountType]) VALUES (189, N'Tawu', 17, N'TAWU', N'Bank Account')
INSERT INTO [dbo].[Accounts] ([AccountId], [AccountNumber], [InstitutionId], [AccountName], [AccountType]) VALUES (190, N'Masa', 16, N'MASA', N'Bank Account')
SET IDENTITY_INSERT [dbo].[Accounts] OFF

INSERT INTO [dbo].[Accounts_EmployeeAccount] ([EmployeeId], [SalaryAssignment], [AccountId]) VALUES (74, 0, 79)
INSERT INTO [dbo].[Accounts_EmployeeAccount] ([EmployeeId], [SalaryAssignment], [AccountId]) VALUES (74, 0, 80)
INSERT INTO [dbo].[Accounts_EmployeeAccount] ([EmployeeId], [SalaryAssignment], [AccountId]) VALUES (74, 0, 81)
INSERT INTO [dbo].[Accounts_EmployeeAccount] ([EmployeeId], [SalaryAssignment], [AccountId]) VALUES (74, 0, 82)
INSERT INTO [dbo].[Accounts_EmployeeAccount] ([EmployeeId], [SalaryAssignment], [AccountId]) VALUES (72, 0, 83)
INSERT INTO [dbo].[Accounts_EmployeeAccount] ([EmployeeId], [SalaryAssignment], [AccountId]) VALUES (72, 0, 84)
INSERT INTO [dbo].[Accounts_EmployeeAccount] ([EmployeeId], [SalaryAssignment], [AccountId]) VALUES (72, 0, 85)
INSERT INTO [dbo].[Accounts_EmployeeAccount] ([EmployeeId], [SalaryAssignment], [AccountId]) VALUES (72, 0, 86)
INSERT INTO [dbo].[Accounts_EmployeeAccount] ([EmployeeId], [SalaryAssignment], [AccountId]) VALUES (83, 0, 87)
INSERT INTO [dbo].[Accounts_EmployeeAccount] ([EmployeeId], [SalaryAssignment], [AccountId]) VALUES (83, 0, 88)
INSERT INTO [dbo].[Accounts_EmployeeAccount] ([EmployeeId], [SalaryAssignment], [AccountId]) VALUES (81, 0, 89)
INSERT INTO [dbo].[Accounts_EmployeeAccount] ([EmployeeId], [SalaryAssignment], [AccountId]) VALUES (81, 0, 90)
INSERT INTO [dbo].[Accounts_EmployeeAccount] ([EmployeeId], [SalaryAssignment], [AccountId]) VALUES (81, 0, 91)
INSERT INTO [dbo].[Accounts_EmployeeAccount] ([EmployeeId], [SalaryAssignment], [AccountId]) VALUES (92, 0, 92)
INSERT INTO [dbo].[Accounts_EmployeeAccount] ([EmployeeId], [SalaryAssignment], [AccountId]) VALUES (91, 0, 93)
INSERT INTO [dbo].[Accounts_EmployeeAccount] ([EmployeeId], [SalaryAssignment], [AccountId]) VALUES (91, 0, 94)
INSERT INTO [dbo].[Accounts_EmployeeAccount] ([EmployeeId], [SalaryAssignment], [AccountId]) VALUES (65, 0, 95)
INSERT INTO [dbo].[Accounts_EmployeeAccount] ([EmployeeId], [SalaryAssignment], [AccountId]) VALUES (65, 0, 96)
INSERT INTO [dbo].[Accounts_EmployeeAccount] ([EmployeeId], [SalaryAssignment], [AccountId]) VALUES (75, 0, 97)
INSERT INTO [dbo].[Accounts_EmployeeAccount] ([EmployeeId], [SalaryAssignment], [AccountId]) VALUES (75, 0, 98)
INSERT INTO [dbo].[Accounts_EmployeeAccount] ([EmployeeId], [SalaryAssignment], [AccountId]) VALUES (75, 0, 99)
INSERT INTO [dbo].[Accounts_EmployeeAccount] ([EmployeeId], [SalaryAssignment], [AccountId]) VALUES (78, 0, 100)
INSERT INTO [dbo].[Accounts_EmployeeAccount] ([EmployeeId], [SalaryAssignment], [AccountId]) VALUES (78, 0, 101)
INSERT INTO [dbo].[Accounts_EmployeeAccount] ([EmployeeId], [SalaryAssignment], [AccountId]) VALUES (78, 0, 102)
INSERT INTO [dbo].[Accounts_EmployeeAccount] ([EmployeeId], [SalaryAssignment], [AccountId]) VALUES (78, 0, 103)
INSERT INTO [dbo].[Accounts_EmployeeAccount] ([EmployeeId], [SalaryAssignment], [AccountId]) VALUES (68, 0, 104)
INSERT INTO [dbo].[Accounts_EmployeeAccount] ([EmployeeId], [SalaryAssignment], [AccountId]) VALUES (89, 0, 105)
INSERT INTO [dbo].[Accounts_EmployeeAccount] ([EmployeeId], [SalaryAssignment], [AccountId]) VALUES (89, 0, 106)
INSERT INTO [dbo].[Accounts_EmployeeAccount] ([EmployeeId], [SalaryAssignment], [AccountId]) VALUES (89, 0, 107)
INSERT INTO [dbo].[Accounts_EmployeeAccount] ([EmployeeId], [SalaryAssignment], [AccountId]) VALUES (89, 0, 108)
INSERT INTO [dbo].[Accounts_EmployeeAccount] ([EmployeeId], [SalaryAssignment], [AccountId]) VALUES (76, 0, 109)
INSERT INTO [dbo].[Accounts_EmployeeAccount] ([EmployeeId], [SalaryAssignment], [AccountId]) VALUES (76, 0, 110)
INSERT INTO [dbo].[Accounts_EmployeeAccount] ([EmployeeId], [SalaryAssignment], [AccountId]) VALUES (76, 0, 111)
INSERT INTO [dbo].[Accounts_EmployeeAccount] ([EmployeeId], [SalaryAssignment], [AccountId]) VALUES (93, 0, 112)
INSERT INTO [dbo].[Accounts_EmployeeAccount] ([EmployeeId], [SalaryAssignment], [AccountId]) VALUES (64, 0, 113)
INSERT INTO [dbo].[Accounts_EmployeeAccount] ([EmployeeId], [SalaryAssignment], [AccountId]) VALUES (64, 0, 114)
INSERT INTO [dbo].[Accounts_EmployeeAccount] ([EmployeeId], [SalaryAssignment], [AccountId]) VALUES (70, 0, 115)
INSERT INTO [dbo].[Accounts_EmployeeAccount] ([EmployeeId], [SalaryAssignment], [AccountId]) VALUES (70, 0, 116)
INSERT INTO [dbo].[Accounts_EmployeeAccount] ([EmployeeId], [SalaryAssignment], [AccountId]) VALUES (84, 0, 117)
INSERT INTO [dbo].[Accounts_EmployeeAccount] ([EmployeeId], [SalaryAssignment], [AccountId]) VALUES (84, 0, 118)
INSERT INTO [dbo].[Accounts_EmployeeAccount] ([EmployeeId], [SalaryAssignment], [AccountId]) VALUES (82, 0, 119)
INSERT INTO [dbo].[Accounts_EmployeeAccount] ([EmployeeId], [SalaryAssignment], [AccountId]) VALUES (82, 0, 120)
INSERT INTO [dbo].[Accounts_EmployeeAccount] ([EmployeeId], [SalaryAssignment], [AccountId]) VALUES (95, 0, 121)
INSERT INTO [dbo].[Accounts_EmployeeAccount] ([EmployeeId], [SalaryAssignment], [AccountId]) VALUES (77, 0, 122)
INSERT INTO [dbo].[Accounts_EmployeeAccount] ([EmployeeId], [SalaryAssignment], [AccountId]) VALUES (77, 0, 123)
INSERT INTO [dbo].[Accounts_EmployeeAccount] ([EmployeeId], [SalaryAssignment], [AccountId]) VALUES (80, 0, 124)
INSERT INTO [dbo].[Accounts_EmployeeAccount] ([EmployeeId], [SalaryAssignment], [AccountId]) VALUES (88, 0, 125)
INSERT INTO [dbo].[Accounts_EmployeeAccount] ([EmployeeId], [SalaryAssignment], [AccountId]) VALUES (69, 0, 126)
INSERT INTO [dbo].[Accounts_EmployeeAccount] ([EmployeeId], [SalaryAssignment], [AccountId]) VALUES (69, 0, 127)
INSERT INTO [dbo].[Accounts_EmployeeAccount] ([EmployeeId], [SalaryAssignment], [AccountId]) VALUES (69, 0, 128)
INSERT INTO [dbo].[Accounts_EmployeeAccount] ([EmployeeId], [SalaryAssignment], [AccountId]) VALUES (90, 0, 129)
INSERT INTO [dbo].[Accounts_EmployeeAccount] ([EmployeeId], [SalaryAssignment], [AccountId]) VALUES (90, 0, 130)
INSERT INTO [dbo].[Accounts_EmployeeAccount] ([EmployeeId], [SalaryAssignment], [AccountId]) VALUES (96, 0, 131)
INSERT INTO [dbo].[Accounts_EmployeeAccount] ([EmployeeId], [SalaryAssignment], [AccountId]) VALUES (67, 0, 132)
INSERT INTO [dbo].[Accounts_EmployeeAccount] ([EmployeeId], [SalaryAssignment], [AccountId]) VALUES (73, 0, 133)
INSERT INTO [dbo].[Accounts_EmployeeAccount] ([EmployeeId], [SalaryAssignment], [AccountId]) VALUES (73, 0, 134)
INSERT INTO [dbo].[Accounts_EmployeeAccount] ([EmployeeId], [SalaryAssignment], [AccountId]) VALUES (85, 0, 135)
INSERT INTO [dbo].[Accounts_EmployeeAccount] ([EmployeeId], [SalaryAssignment], [AccountId]) VALUES (85, 0, 136)
INSERT INTO [dbo].[Accounts_EmployeeAccount] ([EmployeeId], [SalaryAssignment], [AccountId]) VALUES (94, 0, 137)
INSERT INTO [dbo].[Accounts_EmployeeAccount] ([EmployeeId], [SalaryAssignment], [AccountId]) VALUES (79, 0, 138)
INSERT INTO [dbo].[Accounts_EmployeeAccount] ([EmployeeId], [SalaryAssignment], [AccountId]) VALUES (79, 0, 139)
INSERT INTO [dbo].[Accounts_EmployeeAccount] ([EmployeeId], [SalaryAssignment], [AccountId]) VALUES (79, 0, 140)
INSERT INTO [dbo].[Accounts_EmployeeAccount] ([EmployeeId], [SalaryAssignment], [AccountId]) VALUES (79, 0, 141)
INSERT INTO [dbo].[Accounts_EmployeeAccount] ([EmployeeId], [SalaryAssignment], [AccountId]) VALUES (87, 0, 142)
INSERT INTO [dbo].[Accounts_EmployeeAccount] ([EmployeeId], [SalaryAssignment], [AccountId]) VALUES (87, 0, 143)
INSERT INTO [dbo].[Accounts_EmployeeAccount] ([EmployeeId], [SalaryAssignment], [AccountId]) VALUES (87, 0, 144)
INSERT INTO [dbo].[Accounts_EmployeeAccount] ([EmployeeId], [SalaryAssignment], [AccountId]) VALUES (71, 0, 145)
INSERT INTO [dbo].[Accounts_EmployeeAccount] ([EmployeeId], [SalaryAssignment], [AccountId]) VALUES (71, 0, 146)
INSERT INTO [dbo].[Accounts_EmployeeAccount] ([EmployeeId], [SalaryAssignment], [AccountId]) VALUES (71, 0, 147)
INSERT INTO [dbo].[Accounts_EmployeeAccount] ([EmployeeId], [SalaryAssignment], [AccountId]) VALUES (71, 0, 148)
INSERT INTO [dbo].[Accounts_EmployeeAccount] ([EmployeeId], [SalaryAssignment], [AccountId]) VALUES (86, 0, 149)
INSERT INTO [dbo].[Accounts_EmployeeAccount] ([EmployeeId], [SalaryAssignment], [AccountId]) VALUES (86, 0, 150)
INSERT INTO [dbo].[Accounts_EmployeeAccount] ([EmployeeId], [SalaryAssignment], [AccountId]) VALUES (86, 0, 151)
INSERT INTO [dbo].[Accounts_EmployeeAccount] ([EmployeeId], [SalaryAssignment], [AccountId]) VALUES (66, 0, 152)
INSERT INTO [dbo].[Accounts_EmployeeAccount] ([EmployeeId], [SalaryAssignment], [AccountId]) VALUES (66, 0, 153)
INSERT INTO [dbo].[Accounts_EmployeeAccount] ([EmployeeId], [SalaryAssignment], [AccountId]) VALUES (63, 0, 154)
INSERT INTO [dbo].[Accounts_EmployeeAccount] ([EmployeeId], [SalaryAssignment], [AccountId]) VALUES (63, 0, 155)


INSERT INTO [dbo].[Accounts_InstitutionAccount] ([PayeeInstitutionId], [AccountId]) VALUES (1, 171)
INSERT INTO [dbo].[Accounts_InstitutionAccount] ([PayeeInstitutionId], [AccountId]) VALUES (2, 172)
INSERT INTO [dbo].[Accounts_InstitutionAccount] ([PayeeInstitutionId], [AccountId]) VALUES (3, 173)
INSERT INTO [dbo].[Accounts_InstitutionAccount] ([PayeeInstitutionId], [AccountId]) VALUES (4, 174)
INSERT INTO [dbo].[Accounts_InstitutionAccount] ([PayeeInstitutionId], [AccountId]) VALUES (5, 175)
INSERT INTO [dbo].[Accounts_InstitutionAccount] ([PayeeInstitutionId], [AccountId]) VALUES (6, 176)
INSERT INTO [dbo].[Accounts_InstitutionAccount] ([PayeeInstitutionId], [AccountId]) VALUES (7, 177)
INSERT INTO [dbo].[Accounts_InstitutionAccount] ([PayeeInstitutionId], [AccountId]) VALUES (8, 178)
INSERT INTO [dbo].[Accounts_InstitutionAccount] ([PayeeInstitutionId], [AccountId]) VALUES (9, 179)
INSERT INTO [dbo].[Accounts_InstitutionAccount] ([PayeeInstitutionId], [AccountId]) VALUES (10, 180)
INSERT INTO [dbo].[Accounts_InstitutionAccount] ([PayeeInstitutionId], [AccountId]) VALUES (11, 181)
INSERT INTO [dbo].[Accounts_InstitutionAccount] ([PayeeInstitutionId], [AccountId]) VALUES (12, 182)
INSERT INTO [dbo].[Accounts_InstitutionAccount] ([PayeeInstitutionId], [AccountId]) VALUES (13, 183)
INSERT INTO [dbo].[Accounts_InstitutionAccount] ([PayeeInstitutionId], [AccountId]) VALUES (14, 184)
INSERT INTO [dbo].[Accounts_InstitutionAccount] ([PayeeInstitutionId], [AccountId]) VALUES (15, 185)
INSERT INTO [dbo].[Accounts_InstitutionAccount] ([PayeeInstitutionId], [AccountId]) VALUES (15, 188)
INSERT INTO [dbo].[Accounts_InstitutionAccount] ([PayeeInstitutionId], [AccountId]) VALUES (16, 190)
INSERT INTO [dbo].[Accounts_InstitutionAccount] ([PayeeInstitutionId], [AccountId]) VALUES (17, 189)

SET IDENTITY_INSERT [dbo].[PayrollSetupItems] ON
INSERT INTO [dbo].[PayrollSetupItems] ([PayrollSetupItemId], [Priority], [Name], [CompanyLineItemDescription], [DebitCredit], [RecuranceDays], [EmployeeAccountType], [IncomeDeduction], [PayrollItemAccountId], [CompanyAccountId], [RateRounding], [Rate], [CompanyRate], [RateCeiling], [RateCeilingAmount], [RateCeilingCompanyAmount], [Amount], [CompanyAmount], [MiniumBaseAmount], [AmountFlooring]) VALUES (2, 8, N'Salary', NULL, 0, N'0', N'Bank Account', 1, 174, NULL, NULL, NULL, NULL, NULL, NULL, NULL, 0, NULL, NULL, NULL)
INSERT INTO [dbo].[PayrollSetupItems] ([PayrollSetupItemId], [Priority], [Name], [CompanyLineItemDescription], [DebitCredit], [RecuranceDays], [EmployeeAccountType], [IncomeDeduction], [PayrollItemAccountId], [CompanyAccountId], [RateRounding], [Rate], [CompanyRate], [RateCeiling], [RateCeilingAmount], [RateCeilingCompanyAmount], [Amount], [CompanyAmount], [MiniumBaseAmount], [AmountFlooring]) VALUES (3, 2, N'NIS', N'NIS Employers Cont.', 0, N'0', N'Salary Account', 0, 181, 174, NULL, 0.04, 0.05, 4250, 170, 212.5, NULL, NULL, NULL, NULL)
INSERT INTO [dbo].[PayrollSetupItems] ([PayrollSetupItemId], [Priority], [Name], [CompanyLineItemDescription], [DebitCredit], [RecuranceDays], [EmployeeAccountType], [IncomeDeduction], [PayrollItemAccountId], [CompanyAccountId], [RateRounding], [Rate], [CompanyRate], [RateCeiling], [RateCeilingAmount], [RateCeilingCompanyAmount], [Amount], [CompanyAmount], [MiniumBaseAmount], [AmountFlooring]) VALUES (4, 4, N'Health Plan - Sagicor', NULL, 0, N'0', N'Salary Account', 0, 185, NULL, NULL, 0, NULL, NULL, NULL, NULL, 1, NULL, NULL, NULL)
INSERT INTO [dbo].[PayrollSetupItems] ([PayrollSetupItemId], [Priority], [Name], [CompanyLineItemDescription], [DebitCredit], [RecuranceDays], [EmployeeAccountType], [IncomeDeduction], [PayrollItemAccountId], [CompanyAccountId], [RateRounding], [Rate], [CompanyRate], [RateCeiling], [RateCeilingAmount], [RateCeilingCompanyAmount], [Amount], [CompanyAmount], [MiniumBaseAmount], [AmountFlooring]) VALUES (7, 5, N'Health Plan - MASA', NULL, 0, N'0', N'Salary Account', 0, 190, NULL, NULL, NULL, NULL, NULL, NULL, NULL, 1, NULL, NULL, NULL)
INSERT INTO [dbo].[PayrollSetupItems] ([PayrollSetupItemId], [Priority], [Name], [CompanyLineItemDescription], [DebitCredit], [RecuranceDays], [EmployeeAccountType], [IncomeDeduction], [PayrollItemAccountId], [CompanyAccountId], [RateRounding], [Rate], [CompanyRate], [RateCeiling], [RateCeilingAmount], [RateCeilingCompanyAmount], [Amount], [CompanyAmount], [MiniumBaseAmount], [AmountFlooring]) VALUES (8, 1, N'Pension', N'Pension Employer Cont', 0, N'0', N'Salary Account', 0, 188, 174, NULL, 0.05, 0.05, NULL, NULL, NULL, NULL, NULL, NULL, NULL)
INSERT INTO [dbo].[PayrollSetupItems] ([PayrollSetupItemId], [Priority], [Name], [CompanyLineItemDescription], [DebitCredit], [RecuranceDays], [EmployeeAccountType], [IncomeDeduction], [PayrollItemAccountId], [CompanyAccountId], [RateRounding], [Rate], [CompanyRate], [RateCeiling], [RateCeilingAmount], [RateCeilingCompanyAmount], [Amount], [CompanyAmount], [MiniumBaseAmount], [AmountFlooring]) VALUES (9, 3, N'Income Tax', NULL, 0, N'0', N'Salary Account', 0, 177, NULL, NULL, 0.3, NULL, NULL, NULL, NULL, NULL, NULL, 5000, 5000)
INSERT INTO [dbo].[PayrollSetupItems] ([PayrollSetupItemId], [Priority], [Name], [CompanyLineItemDescription], [DebitCredit], [RecuranceDays], [EmployeeAccountType], [IncomeDeduction], [PayrollItemAccountId], [CompanyAccountId], [RateRounding], [Rate], [CompanyRate], [RateCeiling], [RateCeilingAmount], [RateCeilingCompanyAmount], [Amount], [CompanyAmount], [MiniumBaseAmount], [AmountFlooring]) VALUES (10, 0, N'Union Dues', NULL, 0, N'0', N'Salary Account', 0, 189, NULL, N'Up', 0.015, NULL, NULL, NULL, NULL, NULL, NULL, NULL, NULL)
INSERT INTO [dbo].[PayrollSetupItems] ([PayrollSetupItemId], [Priority], [Name], [CompanyLineItemDescription], [DebitCredit], [RecuranceDays], [EmployeeAccountType], [IncomeDeduction], [PayrollItemAccountId], [CompanyAccountId], [RateRounding], [Rate], [CompanyRate], [RateCeiling], [RateCeilingAmount], [RateCeilingCompanyAmount], [Amount], [CompanyAmount], [MiniumBaseAmount], [AmountFlooring]) VALUES (15, 6, N'Travel Allowance', NULL, 0, N'0', N'Salary Account', 1, 174, NULL, NULL, NULL, NULL, NULL, NULL, NULL, NULL, NULL, NULL, NULL)
INSERT INTO [dbo].[PayrollSetupItems] ([PayrollSetupItemId], [Priority], [Name], [CompanyLineItemDescription], [DebitCredit], [RecuranceDays], [EmployeeAccountType], [IncomeDeduction], [PayrollItemAccountId], [CompanyAccountId], [RateRounding], [Rate], [CompanyRate], [RateCeiling], [RateCeilingAmount], [RateCeilingCompanyAmount], [Amount], [CompanyAmount], [MiniumBaseAmount], [AmountFlooring]) VALUES (16, 7, N'Telephone Allowance', NULL, 0, N'0', N'Salary Account', 1, 174, NULL, NULL, NULL, NULL, NULL, NULL, NULL, NULL, NULL, NULL, NULL)
INSERT INTO [dbo].[PayrollSetupItems] ([PayrollSetupItemId], [Priority], [Name], [CompanyLineItemDescription], [DebitCredit], [RecuranceDays], [EmployeeAccountType], [IncomeDeduction], [PayrollItemAccountId], [CompanyAccountId], [RateRounding], [Rate], [CompanyRate], [RateCeiling], [RateCeilingAmount], [RateCeilingCompanyAmount], [Amount], [CompanyAmount], [MiniumBaseAmount], [AmountFlooring]) VALUES (17, 10, N'Branch Offer', NULL, 0, N'0', N'Salary Account', 1, 174, NULL, NULL, NULL, NULL, NULL, NULL, NULL, NULL, NULL, NULL, NULL)
INSERT INTO [dbo].[PayrollSetupItems] ([PayrollSetupItemId], [Priority], [Name], [CompanyLineItemDescription], [DebitCredit], [RecuranceDays], [EmployeeAccountType], [IncomeDeduction], [PayrollItemAccountId], [CompanyAccountId], [RateRounding], [Rate], [CompanyRate], [RateCeiling], [RateCeilingAmount], [RateCeilingCompanyAmount], [Amount], [CompanyAmount], [MiniumBaseAmount], [AmountFlooring]) VALUES (18, 9, N'Monthly Parking', NULL, 0, N'0', N'Salary Account', 1, 174, NULL, NULL, NULL, NULL, NULL, NULL, NULL, NULL, NULL, NULL, NULL)
SET IDENTITY_INSERT [dbo].[PayrollSetupItems] OFF


